{
	"info": {
		"_postman_id": "eafba0e1-692e-478d-aa28-20af77885993",
		"name": "FinTarget",
		"schema": "https://schema.getpostman.com/json/collection/v2.1.0/collection.json",
		"_exporter_id": "14997010"
	},
	"item": [
		{
			"name": "HealthCheck",
			"request": {
				"method": "GET",
				"header": [],
				"url": {
					"raw": "http://127.0.0.1:3000/api/v1/status",
					"protocol": "http",
					"host": [
						"127",
						"0",
						"0",
						"1"
					],
					"port": "3000",
					"path": [
						"api",
						"v1",
						"status"
					]
				}
			},
			"response": []
		},
		{
			"name": "Create task",
			"event": [
				{
					"listen": "test",
					"script": {
						"exec": [
							""
						],
						"type": "text/javascript"
					}
				}
			],
			"request": {
				"method": "POST",
				"header": [],
				"body": {
					"mode": "raw",
					"raw": "{\r\n    \"user_id\": \"12456\"\r\n}",
					"options": {
						"raw": {
							"language": "json"
						}
					}
				},
				"url": {
					"raw": "http://127.0.0.1:3000/api/v1/task",
					"protocol": "http",
					"host": [
						"127",
						"0",
						"0",
						"1"
					],
					"port": "3000",
					"path": [
						"api",
						"v1",
						"task"
					]
				}
			},
			"response": []
		}
	]
}